State,Days with AQI,Good Days,Moderate Days,Unhealthy for Sensitive Groups Days,Unhealthy Days,Very Unhealthy Days,Hazardous Days,Max AQI,Median AQI
California,226.09803921568627,144.11764705882354,67.6470588235294,10.313725490196079,3.0588235294117645,0.6274509803921569,0.3333333333333333,212.2941176470588,44.76470588235294
New Mexico,194.45454545454547,131.63636363636363,57.90909090909091,4.181818181818182,0.36363636363636365,0.09090909090909091,0.2727272727272727,198.8181818181818,42.81818181818182
Country Of Mexico,304.0,44.0,226.0,22.0,12.0,0.0,0.0,166.0,62.0
North Dakota,236.2,181.9,45.6,5.8,2.9,0.0,0.0,160.2,35.9
District Of Columbia,274.0,174.0,90.0,9.0,1.0,0.0,0.0,153.0,45.0
Arizona,271.6923076923077,168.6153846153846,87.53846153846153,9.384615384615385,3.076923076923077,3.0,0.07692307692307693,152.92307692307693,47.46153846153846
Utah,298.5,189.21428571428572,97.64285714285714,10.5,1.1428571428571428,0.0,0.0,144.07142857142858,46.785714285714285
Rhode Island,242.33333333333334,200.66666666666666,38.666666666666664,3.0,0.0,0.0,0.0,139.66666666666666,38.666666666666664
Wyoming,204.66666666666666,168.27777777777777,34.05555555555556,2.0555555555555554,0.2222222222222222,0.0,0.05555555555555555,137.11111111111111,33.77777777777778
Colorado,215.64,142.56,60.0,11.96,1.08,0.0,0.04,136.04,39.2
Connecticut,172.0,143.625,25.375,2.625,0.375,0.0,0.0,130.75,39.625
Alaska,197.2,173.8,19.0,3.0,1.4,0.0,0.0,126.0,24.0
Oklahoma,253.55,187.25,63.1,3.0,0.2,0.0,0.0,122.7,40.6
Pennsylvania,234.21951219512195,180.3658536585366,51.707317073170735,2.0,0.14634146341463414,0.0,0.0,122.1219512195122,39.02439024390244
Massachusetts,242.07692307692307,204.53846153846155,35.84615384615385,1.6153846153846154,0.07692307692307693,0.0,0.0,121.6923076923077,37.76923076923077
Maine,276.9,256.6,18.8,1.4,0.1,0.0,0.0,120.6,34.5
New York,263.14285714285717,228.67857142857142,31.928571428571427,2.392857142857143,0.14285714285714285,0.0,0.0,117.10714285714286,35.25
Missouri,245.0909090909091,200.86363636363637,37.5,4.409090909090909,2.3181818181818183,0.0,0.0,113.04545454545455,40.40909090909091
Maryland,269.9375,220.75,46.75,2.4375,0.0,0.0,0.0,110.625,39.6875
Michigan,265.6923076923077,217.26923076923077,46.03846153846154,2.3846153846153846,0.0,0.0,0.0,110.57692307692308,37.42307692307692
Nevada,191.77777777777777,145.77777777777777,40.22222222222222,3.6666666666666665,1.7777777777777777,0.3333333333333333,0.0,109.55555555555556,36.55555555555556
Nebraska,227.0,190.33333333333334,34.888888888888886,1.7777777777777777,0.0,0.0,0.0,108.66666666666667,32.888888888888886
Iowa,241.1875,181.1875,58.9375,0.875,0.1875,0.0,0.0,106.3125,38.1875
New Jersey,175.8125,145.6875,29.1875,0.9375,0.0,0.0,0.0,106.1875,39.0625
Texas,222.22,180.06,39.06,2.72,0.36,0.02,0.0,105.86,32.76
Illinois,284.7037037037037,220.77777777777777,61.666666666666664,2.074074074074074,0.18518518518518517,0.0,0.0,102.48148148148148,36.03703703703704
Georgia,220.28571428571428,179.89285714285714,39.142857142857146,1.2142857142857142,0.03571428571428571,0.0,0.0,100.82142857142857,37.17857142857143
Delaware,149.33333333333334,122.66666666666667,26.333333333333332,0.3333333333333333,0.0,0.0,0.0,100.33333333333333,39.333333333333336
Wisconsin,157.9,123.1,33.4,1.4,0.0,0.0,0.0,100.1,37.8
Puerto Rico,117.1,99.1,16.8,0.8,0.1,0.2,0.1,99.6,18.7
Indiana,258.6,206.57142857142858,51.114285714285714,0.8857142857142857,0.02857142857142857,0.0,0.0,98.4,36.68571428571428
Louisiana,264.2608695652174,235.04347826086956,28.47826086956522,0.6086956521739131,0.13043478260869565,0.0,0.0,98.26086956521739,32.82608695652174
Alabama,207.42857142857142,172.78571428571428,34.142857142857146,0.42857142857142855,0.0,0.07142857142857142,0.0,97.64285714285714,37.785714285714285
Kansas,179.6,147.4,31.4,0.8,0.0,0.0,0.0,96.0,34.5
Ohio,249.51162790697674,197.69767441860466,50.58139534883721,1.2093023255813953,0.023255813953488372,0.0,0.0,95.74418604651163,34.604651162790695
South Dakota,178.2,154.3,23.3,0.5,0.1,0.0,0.0,94.5,32.8
New Hampshire,189.71428571428572,169.71428571428572,19.571428571428573,0.42857142857142855,0.0,0.0,0.0,94.28571428571429,38.142857142857146
Minnesota,166.6,138.6,27.75,0.25,0.0,0.0,0.0,92.75,35.05
Idaho,202.89473684210526,171.94736842105263,28.842105263157894,1.631578947368421,0.47368421052631576,0.0,0.0,92.42105263157895,26.63157894736842
South Carolina,218.0,180.92857142857142,36.785714285714285,0.2857142857142857,0.0,0.0,0.0,90.71428571428571,38.285714285714285
Kentucky,193.5185185185185,166.66666666666666,26.555555555555557,0.2962962962962963,0.0,0.0,0.0,90.48148148148148,37.629629629629626
Tennessee,189.91304347826087,158.1304347826087,31.08695652173913,0.6956521739130435,0.0,0.0,0.0,90.43478260869566,36.34782608695652
Arkansas,186.27272727272728,152.1818181818182,33.45454545454545,0.6363636363636364,0.0,0.0,0.0,87.63636363636364,36.45454545454545
Montana,191.13333333333333,168.0,22.333333333333332,0.8,0.0,0.0,0.0,87.6,33.06666666666667
Oregon,177.2173913043478,156.17391304347825,19.130434782608695,0.8695652173913043,1.0,0.043478260869565216,0.0,87.21739130434783,25.434782608695652
West Virginia,227.8,194.4,33.2,0.2,0.0,0.0,0.0,86.46666666666667,34.0
North Carolina,213.35135135135135,184.3783783783784,28.81081081081081,0.16216216216216217,0.0,0.0,0.0,86.16216216216216,35.729729729729726
Florida,183.46153846153845,160.48717948717947,22.846153846153847,0.10256410256410256,0.02564102564102564,0.0,0.0,84.41025641025641,37.743589743589745
Vermont,181.66666666666666,156.33333333333334,25.333333333333332,0.0,0.0,0.0,0.0,84.0,39.0
Virginia,161.65625,144.5,16.78125,0.375,0.0,0.0,0.0,83.90625,32.25
Mississippi,202.0,174.7,27.2,0.1,0.0,0.0,0.0,81.4,37.8
Washington,179.16666666666666,164.6,14.366666666666667,0.13333333333333333,0.06666666666666667,0.0,0.0,80.1,24.666666666666668
Hawaii,204.25,188.0,11.5,4.25,0.5,0.0,0.0,79.25,19.75
Virgin Islands,29.0,27.0,2.0,0.0,0.0,0.0,0.0,73.0,21.0
